DATE,AGE_GROUP,CASE_COUNT
2021-05-04,0-17,85744
2021-05-04,18-44,335420
2021-05-04,45-64,340094
2021-05-04,65-74,67809
2021-05-04,75+,54381
2021-05-03,0-17,85603
2021-05-03,18-44,335106
2021-05-03,45-64,339861
2021-05-03,65-74,67762
2021-05-03,75+,54345
2021-05-02,0-17,85405
2021-05-02,18-44,334723
2021-05-02,45-64,339568
2021-05-02,65-74,67714
2021-05-02,75+,54306
2021-05-01,0-17,85158
2021-05-01,18-44,334301
2021-05-01,45-64,339239
2021-05-01,65-74,67658
2021-05-01,75+,54266
2021-04-30,0-17,84856
2021-04-30,18-44,333661
2021-04-30,45-64,338786
2021-04-30,65-74,67594
2021-04-30,75+,54214
2021-04-29,0-17,84566
2021-04-29,18-44,333030
2021-04-29,45-64,338356
2021-04-29,65-74,67533
2021-04-29,75+,54154
2021-04-28,0-17,84310
2021-04-28,18-44,332542
2021-04-28,45-64,337936
2021-04-28,65-74,67458
2021-04-28,75+,54083
2021-04-27,0-17,84097
2021-04-27,18-44,332170
2021-04-27,45-64,337633
2021-04-27,65-74,67421
2021-04-27,75+,54046
2021-04-26,0-17,83812
2021-04-26,18-44,331585
2021-04-26,45-64,337225
2021-04-26,65-74,67363
2021-04-26,75+,53993
2021-04-25,0-17,83532
2021-04-25,18-44,331032
2021-04-25,45-64,336790
2021-04-25,65-74,67300
2021-04-25,75+,53933
2021-04-24,0-17,83200
2021-04-24,18-44,330420
2021-04-24,45-64,336350
2021-04-24,65-74,67224
2021-04-24,75+,53891
2021-04-23,0-17,82914
2021-04-23,18-44,329773
2021-04-23,45-64,335819
2021-04-23,65-74,67135
2021-04-23,75+,53833
2021-04-22,0-17,82562
2021-04-22,18-44,329006
2021-04-22,45-64,335302
2021-04-22,65-74,67043
2021-04-22,75+,53757
2021-04-21,0-17,82137
2021-04-21,18-44,328108
2021-04-21,45-64,334576
2021-04-21,65-74,66933
2021-04-21,75+,53697
2021-04-20,0-17,81845
2021-04-20,18-44,327421
2021-04-20,45-64,334010
2021-04-20,65-74,66864
2021-04-20,75+,53641
2021-04-19,0-17,81384
2021-04-19,18-44,326529
2021-04-19,45-64,333255
2021-04-19,65-74,66757
2021-04-19,75+,53572
2021-04-18,0-17,80912
2021-04-18,18-44,325526
2021-04-18,45-64,332456
2021-04-18,65-74,66654
2021-04-18,75+,53475
2021-04-17,0-17,80470
2021-04-17,18-44,324498
2021-04-17,45-64,331640
2021-04-17,65-74,66524
2021-04-17,75+,53378
2021-04-16,0-17,80109
2021-04-16,18-44,323688
2021-04-16,45-64,331013
2021-04-16,65-74,66428
2021-04-16,75+,53307
2021-04-15,0-17,79616
2021-04-15,18-44,322437
2021-04-15,45-64,330019
2021-04-15,65-74,66275
2021-04-15,75+,53208
2021-04-14,0-17,79216
2021-04-14,18-44,321448
2021-04-14,45-64,329213
2021-04-14,65-74,66160
2021-04-14,75+,53115
2021-04-13,0-17,78950
2021-04-13,18-44,320774
2021-04-13,45-64,328614
2021-04-13,65-74,66053
2021-04-13,75+,53021
2021-04-12,0-17,78651
2021-04-12,18-44,319920
2021-04-12,45-64,327963
2021-04-12,65-74,65966
2021-04-12,75+,52936
2021-04-11,0-17,78166
2021-04-11,18-44,318785
2021-04-11,45-64,327073
2021-04-11,65-74,65825
2021-04-11,75+,52850
2021-04-10,0-17,77747
2021-04-10,18-44,317731
2021-04-10,45-64,326250
2021-04-10,65-74,65702
2021-04-10,75+,52758
2021-04-09,0-17,77218
2021-04-09,18-44,316359
2021-04-09,45-64,325326
2021-04-09,65-74,65551
2021-04-09,75+,52658
2021-04-08,0-17,76629
2021-04-08,18-44,314935
2021-04-08,45-64,324205
2021-04-08,65-74,65384
2021-04-08,75+,52536
2021-04-07,0-17,76096
2021-04-07,18-44,313399
2021-04-07,45-64,322988
2021-04-07,65-74,65207
2021-04-07,75+,52405
2021-04-06,0-17,75703
2021-04-06,18-44,312368
2021-04-06,45-64,322070
2021-04-06,65-74,65079
2021-04-06,75+,52322
2021-04-05,0-17,75232
2021-04-05,18-44,311046
2021-04-05,45-64,320965
2021-04-05,65-74,64908
2021-04-05,75+,52229
2021-04-04,0-17,74798
2021-04-04,18-44,309782
2021-04-04,45-64,320037
2021-04-04,65-74,64755
2021-04-04,75+,52120
2021-04-03,0-17,74363
2021-04-03,18-44,308232
2021-04-03,45-64,318919
2021-04-03,65-74,64587
2021-04-03,75+,52010
2021-04-02,0-17,74002
2021-04-02,18-44,306912
2021-04-02,45-64,317998
2021-04-02,65-74,64430
2021-04-02,75+,51906
2021-04-01,0-17,73526
2021-04-01,18-44,305276
2021-04-01,45-64,316735
2021-04-01,65-74,64230
2021-04-01,75+,51786
2021-03-31,0-17,73042
2021-03-31,18-44,303654
2021-03-31,45-64,315434
2021-03-31,65-74,64008
2021-03-31,75+,51639
2021-03-30,0-17,72624
2021-03-30,18-44,302296
2021-03-30,45-64,314304
2021-03-30,65-74,63859
2021-03-30,75+,51553
2021-03-29,0-17,72400
2021-03-29,18-44,301606
2021-03-29,45-64,313672
2021-03-29,65-74,63751
2021-03-29,75+,51476
2021-03-28,0-17,71683
2021-03-28,18-44,299586
2021-03-28,45-64,311840
2021-03-28,65-74,63460
2021-03-28,75+,51236
2021-03-27,0-17,71120
2021-03-27,18-44,297953
2021-03-27,45-64,310544
2021-03-27,65-74,63282
2021-03-27,75+,51090
2021-03-26,0-17,70586
2021-03-26,18-44,296409
2021-03-26,45-64,309415
2021-03-26,65-74,63127
2021-03-26,75+,50981
2021-03-25,0-17,70131
2021-03-25,18-44,295005
2021-03-25,45-64,308362
2021-03-25,65-74,62943
2021-03-25,75+,50845
2021-03-24,0-17,69637
2021-03-24,18-44,293588
2021-03-24,45-64,307068
2021-03-24,65-74,62735
2021-03-24,75+,50677
2021-03-20,0-17,66748
2021-03-20,18-44,285580
2021-03-20,45-64,300066
2021-03-20,65-74,61673
2021-03-20,75+,49892
2021-03-19,0-17,66386
2021-03-19,18-44,284594
2021-03-19,45-64,299219
2021-03-19,65-74,61528
2021-03-19,75+,49807
2021-03-18,0-17,66206
2021-03-18,18-44,284221
2021-03-18,45-64,298922
2021-03-18,65-74,61483
2021-03-18,75+,49777
2021-03-17,0-17,65983
2021-03-17,18-44,283748
2021-03-17,45-64,298439
2021-03-17,65-74,61418
2021-03-17,75+,49723
2021-03-16,0-17,65598
2021-03-16,18-44,282716
2021-03-16,45-64,297530
2021-03-16,65-74,61286
2021-03-16,75+,49629
2021-03-15,0-17,65127
2021-03-15,18-44,281417
2021-03-15,45-64,296395
2021-03-15,65-74,61102
2021-03-15,75+,49499
2021-03-14,0-17,64570
2021-03-14,18-44,279908
2021-03-14,45-64,294974
2021-03-14,65-74,60877
2021-03-14,75+,49317
2021-03-13,0-17,64225
2021-03-13,18-44,278774
2021-03-13,45-64,294059
2021-03-13,65-74,60710
2021-03-13,75+,49176
2021-03-12,0-17,63930
2021-03-12,18-44,277740
2021-03-12,45-64,293220
2021-03-12,65-74,60564
2021-03-12,75+,49077
2021-03-11,0-17,63403
2021-03-11,18-44,276387
2021-03-11,45-64,292094
2021-03-11,65-74,60342
2021-03-11,75+,48913
2021-03-10,0-17,62949
2021-03-10,18-44,275247
2021-03-10,45-64,290981
2021-03-10,65-74,60133
2021-03-10,75+,48782
2021-03-09,0-17,62612
2021-03-09,18-44,274333
2021-03-09,45-64,290145
2021-03-09,65-74,59980
2021-03-09,75+,48682
2021-03-08,0-17,62039
2021-03-08,18-44,272776
2021-03-08,45-64,288726
2021-03-08,65-74,59758
2021-03-08,75+,48524
2021-03-07,0-17,61767
2021-03-07,18-44,271854
2021-03-07,45-64,287885
2021-03-07,65-74,59616
2021-03-07,75+,48423
2021-03-06,0-17,61268
2021-03-06,18-44,270426
2021-03-06,45-64,286659
2021-03-06,65-74,59398
2021-03-06,75+,48284
2021-03-05,0-17,60733
2021-03-05,18-44,268933
2021-03-05,45-64,285413
2021-03-05,65-74,59162
2021-03-05,75+,48122
2021-03-04,0-17,60194
2021-03-04,18-44,267411
2021-03-04,45-64,284074
2021-03-04,65-74,58895
2021-03-04,75+,47956
2021-03-03,0-17,59670
2021-03-03,18-44,266113
2021-03-03,45-64,282810
2021-03-03,65-74,58656
2021-03-03,75+,47779
2021-03-02,0-17,59214
2021-03-02,18-44,265098
2021-03-02,45-64,281855
2021-03-02,65-74,58478
2021-03-02,75+,47679
2021-03-01,0-17,58739
2021-03-01,18-44,263753
2021-03-01,45-64,280629
2021-03-01,65-74,58266
2021-03-01,75+,47540
2021-02-28,0-17,58278
2021-02-28,18-44,262535
2021-02-28,45-64,279475
2021-02-28,65-74,58058
2021-02-28,75+,47382
2021-02-27,0-17,57745
2021-02-27,18-44,261021
2021-02-27,45-64,278200
2021-02-27,65-74,57809
2021-02-27,75+,47212
2021-02-26,0-17,57244
2021-02-26,18-44,259558
2021-02-26,45-64,276922
2021-02-26,65-74,57546
2021-02-26,75+,47018
2021-02-25,0-17,56775
2021-02-25,18-44,258198
2021-02-25,45-64,275563
2021-02-25,65-74,57325
2021-02-25,75+,46834
2021-02-24,0-17,56231
2021-02-24,18-44,256708
2021-02-24,45-64,274105
2021-02-24,65-74,57043
2021-02-24,75+,46655
2021-02-23,0-17,55883
2021-02-23,18-44,255593
2021-02-23,45-64,273012
2021-02-23,65-74,56847
2021-02-23,75+,46474
2021-02-22,0-17,55402
2021-02-22,18-44,254277
2021-02-22,45-64,271771
2021-02-22,65-74,56615
2021-02-22,75+,46341
2021-02-21,0-17,55049
2021-02-21,18-44,253170
2021-02-21,45-64,270687
2021-02-21,65-74,56395
2021-02-21,75+,46193
2021-02-20,0-17,54773
2021-02-20,18-44,252109
2021-02-20,45-64,269698
2021-02-20,65-74,56209
2021-02-20,75+,46062
2021-02-19,0-17,54294
2021-02-19,18-44,250564
2021-02-19,45-64,268258
2021-02-19,65-74,55910
2021-02-19,75+,45835
2021-02-18,0-17,53778
2021-02-18,18-44,248857
2021-02-18,45-64,266653
2021-02-18,65-74,55602
2021-02-18,75+,45616
2021-02-17,0-17,52947
2021-02-17,18-44,246607
2021-02-17,45-64,264382
2021-02-17,65-74,55180
2021-02-17,75+,45301
2021-02-16,0-17,52681
2021-02-16,18-44,245781
2021-02-16,45-64,263645
2021-02-16,65-74,54993
2021-02-16,75+,45152
2021-02-15,0-17,52257
2021-02-15,18-44,244473
2021-02-15,45-64,262447
2021-02-15,65-74,54769
2021-02-15,75+,44994
2021-02-14,0-17,51835
2021-02-14,18-44,243180
2021-02-14,45-64,261240
2021-02-14,65-74,54516
2021-02-14,75+,44809
2021-02-13,0-17,51357
2021-02-13,18-44,241674
2021-02-13,45-64,259886
2021-02-13,65-74,54238
2021-02-13,75+,44583
2021-02-12,0-17,50783
2021-02-12,18-44,240140
2021-02-12,45-64,258381
2021-02-12,65-74,53934
2021-02-12,75+,44356
2021-02-11,0-17,50290
2021-02-11,18-44,238720
2021-02-11,45-64,256995
2021-02-11,65-74,53613
2021-02-11,75+,44125
2021-02-10,0-17,49708
2021-02-10,18-44,237124
2021-02-10,45-64,255406
2021-02-10,65-74,53254
2021-02-10,75+,43863
2021-02-09,0-17,49446
2021-02-09,18-44,236172
2021-02-09,45-64,254499
2021-02-09,65-74,53059
2021-02-09,75+,43714
2021-02-08,0-17,48869
2021-02-08,18-44,234616
2021-02-08,45-64,252818
2021-02-08,65-74,52728
2021-02-08,75+,43469
2021-02-07,0-17,48312
2021-02-07,18-44,232734
2021-02-07,45-64,251139
2021-02-07,65-74,52401
2021-02-07,75+,43202
2021-02-06,0-17,47781
2021-02-06,18-44,231062
2021-02-06,45-64,249495
2021-02-06,65-74,52071
2021-02-06,75+,42895
2021-02-05,0-17,47242
2021-02-05,18-44,229130
2021-02-05,45-64,247529
2021-02-05,65-74,51700
2021-02-05,75+,42637
2021-02-04,0-17,46986
2021-02-04,18-44,228028
2021-02-04,45-64,246484
2021-02-04,65-74,51459
2021-02-04,75+,42443
2021-02-03,0-17,46689
2021-02-03,18-44,227138
2021-02-03,45-64,245593
2021-02-03,65-74,51278
2021-02-03,75+,42319
2021-02-02,0-17,46263
2021-02-02,18-44,226031
2021-02-02,45-64,244565
2021-02-02,65-74,51075
2021-02-02,75+,42167
2021-02-01,0-17,45828
2021-02-01,18-44,224684
2021-02-01,45-64,243289
2021-02-01,65-74,50798
2021-02-01,75+,41994
2021-01-31,0-17,45292
2021-01-31,18-44,223287
2021-01-31,45-64,241874
2021-01-31,65-74,50505
2021-01-31,75+,41757
2021-01-30,0-17,44670
2021-01-30,18-44,221254
2021-01-30,45-64,240025
2021-01-30,65-74,50147
2021-01-30,75+,41500
2021-01-29,0-17,43926
2021-01-29,18-44,218937
2021-01-29,45-64,237820
2021-01-29,65-74,49726
2021-01-29,75+,41201
2021-01-28,0-17,43274
2021-01-28,18-44,216810
2021-01-28,45-64,235853
2021-01-28,65-74,49315
2021-01-28,75+,40938
2021-01-27,0-17,42607
2021-01-27,18-44,214642
2021-01-27,45-64,233735
2021-01-27,65-74,48888
2021-01-27,75+,40622
2021-01-26,0-17,42209
2021-01-26,18-44,213304
2021-01-26,45-64,232451
2021-01-26,65-74,48636
2021-01-26,75+,40443
2021-01-25,0-17,41638
2021-01-25,18-44,211568
2021-01-25,45-64,230772
2021-01-25,65-74,48287
2021-01-25,75+,40217
2021-01-24,0-17,41107
2021-01-24,18-44,209825
2021-01-24,45-64,229023
2021-01-24,65-74,47902
2021-01-24,75+,39950
2021-01-23,0-17,40402
2021-01-23,18-44,207508
2021-01-23,45-64,226925
2021-01-23,65-74,47483
2021-01-23,75+,39636
2021-01-22,0-17,39798
2021-01-22,18-44,205305
2021-01-22,45-64,224862
2021-01-22,65-74,47082
2021-01-22,75+,39344
2021-01-21,0-17,39132
2021-01-21,18-44,203094
2021-01-21,45-64,222635
2021-01-21,65-74,46645
2021-01-21,75+,39023
2021-01-20,0-17,38589
2021-01-20,18-44,201255
2021-01-20,45-64,220843
2021-01-20,65-74,46239
2021-01-20,75+,38707
2021-01-19,0-17,38114
2021-01-19,18-44,199621
2021-01-19,45-64,219373
2021-01-19,65-74,45959
2021-01-19,75+,38510
2021-01-18,0-17,37492
2021-01-18,18-44,197625
2021-01-18,45-64,217462
2021-01-18,65-74,45571
2021-01-18,75+,38272
2021-01-17,0-17,36884
2021-01-17,18-44,195648
2021-01-17,45-64,215495
2021-01-17,65-74,45196
2021-01-17,75+,37992
2021-01-16,0-17,36209
2021-01-16,18-44,193385
2021-01-16,45-64,213498
2021-01-16,65-74,44774
2021-01-16,75+,37692
2021-01-15,0-17,35627
2021-01-15,18-44,191094
2021-01-15,45-64,211340
2021-01-15,65-74,44353
2021-01-15,75+,37385
2021-01-14,0-17,34801
2021-01-14,18-44,188363
2021-01-14,45-64,208639
2021-01-14,65-74,43831
2021-01-14,75+,37022
2021-01-13,0-17,34121
2021-01-13,18-44,186234
2021-01-13,45-64,206678
2021-01-13,65-74,43482
2021-01-13,75+,36740
2021-01-12,0-17,33500
2021-01-12,18-44,184147
2021-01-12,45-64,204837
2021-01-12,65-74,43134
2021-01-12,75+,36502
2021-01-11,0-17,32820
2021-01-11,18-44,181753
2021-01-11,45-64,202676
2021-01-11,65-74,42722
2021-01-11,75+,36241
2021-01-10,0-17,32224
2021-01-10,18-44,179786
2021-01-10,45-64,200944
2021-01-10,65-74,42397
2021-01-10,75+,35969
2021-01-09,0-17,31562
2021-01-09,18-44,177453
2021-01-09,45-64,198870
2021-01-09,65-74,42005
2021-01-09,75+,35687
2021-01-08,0-17,30932
2021-01-08,18-44,175226
2021-01-08,45-64,196899
2021-01-08,65-74,41657
2021-01-08,75+,35428
2021-01-07,0-17,30285
2021-01-07,18-44,172743
2021-01-07,45-64,194762
2021-01-07,65-74,41221
2021-01-07,75+,35138
2021-01-06,0-17,29676
2021-01-06,18-44,170466
2021-01-06,45-64,192506
2021-01-06,65-74,40798
2021-01-06,75+,34839
2021-01-05,0-17,29227
2021-01-05,18-44,168550
2021-01-05,45-64,190780
2021-01-05,65-74,40506
2021-01-05,75+,34653
2021-01-04,0-17,28768
2021-01-04,18-44,166759
2021-01-04,45-64,188971
2021-01-04,65-74,40181
2021-01-04,75+,34440
2021-01-03,0-17,28377
2021-01-03,18-44,165460
2021-01-03,45-64,187828
2021-01-03,65-74,39936
2021-01-03,75+,34247
2021-01-02,0-17,27978
2021-01-02,18-44,164165
2021-01-02,45-64,186604
2021-01-02,65-74,39683
2021-01-02,75+,34044
2021-01-01,0-17,27317
2021-01-01,18-44,161850
2021-01-01,45-64,184542
2021-01-01,65-74,39248
2021-01-01,75+,33766
2020-12-31,0-17,26744
2020-12-31,18-44,159662
2020-12-31,45-64,182610
2020-12-31,65-74,38840
2020-12-31,75+,33432
2020-12-30,0-17,26354
2020-12-30,18-44,157956
2020-12-30,45-64,180961
2020-12-30,65-74,38454
2020-12-30,75+,33168
2020-12-29,0-17,25936
2020-12-29,18-44,156405
2020-12-29,45-64,179495
2020-12-29,65-74,38196
2020-12-29,75+,32978
2020-12-28,0-17,25506
2020-12-28,18-44,154458
2020-12-28,45-64,177696
2020-12-28,65-74,37895
2020-12-28,75+,32797
2020-12-27,0-17,25165
2020-12-27,18-44,153329
2020-12-27,45-64,176661
2020-12-27,65-74,37706
2020-12-27,75+,32637
2020-12-26,0-17,24864
2020-12-26,18-44,152193
2020-12-26,45-64,175521
2020-12-26,65-74,37448
2020-12-26,75+,32415
2020-12-25,0-17,24431
2020-12-25,18-44,150726
2020-12-25,45-64,174224
2020-12-25,65-74,37186
2020-12-25,75+,32201
2020-12-24,0-17,23981
2020-12-24,18-44,149198
2020-12-24,45-64,172746
2020-12-24,65-74,36904
2020-12-24,75+,31981
2020-12-23,0-17,23495
2020-12-23,18-44,147548
2020-12-23,45-64,171069
2020-12-23,65-74,36618
2020-12-23,75+,31747
2020-12-22,0-17,23076
2020-12-22,18-44,146075
2020-12-22,45-64,169719
2020-12-22,65-74,36354
2020-12-22,75+,31578
2020-12-21,0-17,22769
2020-12-21,18-44,144847
2020-12-21,45-64,168523
2020-12-21,65-74,36128
2020-12-21,75+,31415
2020-12-20,0-17,22443
2020-12-20,18-44,143581
2020-12-20,45-64,167332
2020-12-20,65-74,35901
2020-12-20,75+,31260
2020-12-19,0-17,22157
2020-12-19,18-44,142490
2020-12-19,45-64,166376
2020-12-19,65-74,35727
2020-12-19,75+,31145
2020-12-18,0-17,21840
2020-12-18,18-44,141333
2020-12-18,45-64,165211
2020-12-18,65-74,35496
2020-12-18,75+,30987
2020-12-17,0-17,21328
2020-12-17,18-44,139592
2020-12-17,45-64,163561
2020-12-17,65-74,35196
2020-12-17,75+,30775
2020-12-16,0-17,21044
2020-12-16,18-44,138412
2020-12-16,45-64,162497
2020-12-16,65-74,34965
2020-12-16,75+,30625
2020-12-15,0-17,20728
2020-12-15,18-44,137283
2020-12-15,45-64,161503
2020-12-15,65-74,34755
2020-12-15,75+,30415
2020-12-14,0-17,20266
2020-12-14,18-44,135794
2020-12-14,45-64,160077
2020-12-14,65-74,34501
2020-12-14,75+,30309
2020-12-13,0-17,19946
2020-12-13,18-44,134708
2020-12-13,45-64,159116
2020-12-13,65-74,34321
2020-12-13,75+,30158
2020-12-12,0-17,19602
2020-12-12,18-44,133494
2020-12-12,45-64,158041
2020-12-12,65-74,34091
2020-12-12,75+,30021
2020-12-11,0-17,19180
2020-12-11,18-44,132000
2020-12-11,45-64,156758
2020-12-11,65-74,33827
2020-12-11,75+,29880
2020-12-10,0-17,18802
2020-12-10,18-44,130814
2020-12-10,45-64,155654
2020-12-10,65-74,33618
2020-12-10,75+,29731
2020-12-09,0-17,18486
2020-12-09,18-44,129552
2020-12-09,45-64,154653
2020-12-09,65-74,33426
2020-12-09,75+,29592
2020-12-08,0-17,18095
2020-12-08,18-44,128363
2020-12-08,45-64,153612
2020-12-08,65-74,33221
2020-12-08,75+,29495
2020-12-07,0-17,17702
2020-12-07,18-44,127066
2020-12-07,45-64,152493
2020-12-07,65-74,33036
2020-12-07,75+,29386
2020-12-06,0-17,17384
2020-12-06,18-44,125990
2020-12-06,45-64,151572
2020-12-06,65-74,32859
2020-12-06,75+,29265
2020-12-05,0-17,17070
2020-12-05,18-44,124890
2020-12-05,45-64,150585
2020-12-05,65-74,32669
2020-12-05,75+,29121
2020-12-04,0-17,16765
2020-12-04,18-44,123657
2020-12-04,45-64,149555
2020-12-04,65-74,32497
2020-12-04,75+,28999
2020-12-03,0-17,16339
2020-12-03,18-44,122350
2020-12-03,45-64,148391
2020-12-03,65-74,32296
2020-12-03,75+,28862
2020-12-02,0-17,16064
2020-12-02,18-44,121065
2020-12-02,45-64,147375
2020-12-02,65-74,32113
2020-12-02,75+,28747
2020-12-01,0-17,15763
2020-12-01,18-44,119916
2020-12-01,45-64,146362
2020-12-01,65-74,31946
2020-12-01,75+,28631
2020-11-30,0-17,15486
2020-11-30,18-44,118894
2020-11-30,45-64,145384
2020-11-30,65-74,31749
2020-11-30,75+,28546
2020-11-29,0-17,15226
2020-11-29,18-44,117870
2020-11-29,45-64,144526
2020-11-29,65-74,31591
2020-11-29,75+,28428
2020-11-28,0-17,15081
2020-11-28,18-44,117233
2020-11-28,45-64,144008
2020-11-28,65-74,31509
2020-11-28,75+,28353
2020-11-27,0-17,14843
2020-11-27,18-44,116295
2020-11-27,45-64,143237
2020-11-27,65-74,31377
2020-11-27,75+,28256
2020-11-26,0-17,14585
2020-11-26,18-44,115348
2020-11-26,45-64,142492
2020-11-26,65-74,31254
2020-11-26,75+,28177
2020-11-25,0-17,14377
2020-11-25,18-44,114351
2020-11-25,45-64,141705
2020-11-25,65-74,31124
2020-11-25,75+,28073
2020-11-24,0-17,14229
2020-11-24,18-44,113674
2020-11-24,45-64,141193
2020-11-24,65-74,31033
2020-11-24,75+,28019
2020-11-23,0-17,14066
2020-11-23,18-44,112975
2020-11-23,45-64,140674
2020-11-23,65-74,30939
2020-11-23,75+,27958
2020-11-22,0-17,13888
2020-11-22,18-44,112148
2020-11-22,45-64,140002
2020-11-22,65-74,30817
2020-11-22,75+,27880
2020-11-21,0-17,13733
2020-11-21,18-44,111436
2020-11-21,45-64,139404
2020-11-21,65-74,30727
2020-11-21,75+,27832
2020-11-20,0-17,13518
2020-11-20,18-44,110635
2020-11-20,45-64,138829
2020-11-20,65-74,30619
2020-11-20,75+,27769
2020-11-19,0-17,13337
2020-11-19,18-44,109927
2020-11-19,45-64,138278
2020-11-19,65-74,30513
2020-11-19,75+,27702
2020-11-18,0-17,13143
2020-11-18,18-44,109166
2020-11-18,45-64,137684
2020-11-18,65-74,30420
2020-11-18,75+,27654
2020-11-17,0-17,12981
2020-11-17,18-44,108572
2020-11-17,45-64,137133
2020-11-17,65-74,30338
2020-11-17,75+,27579
2020-11-16,0-17,12812
2020-11-16,18-44,107750
2020-11-16,45-64,136519
2020-11-16,65-74,30239
2020-11-16,75+,27518
2020-11-15,0-17,12692
2020-11-15,18-44,107263
2020-11-15,45-64,136156
2020-11-15,65-74,30163
2020-11-15,75+,27467
2020-11-14,0-17,12482
2020-11-14,18-44,106548
2020-11-14,45-64,135561
2020-11-14,65-74,30065
2020-11-14,75+,27401
2020-11-13,0-17,12282
2020-11-13,18-44,105957
2020-11-13,45-64,135111
2020-11-13,65-74,29975
2020-11-13,75+,27343
2020-11-12,0-17,12121
2020-11-12,18-44,105375
2020-11-12,45-64,134649
2020-11-12,65-74,29901
2020-11-12,75+,27309
2020-11-11,0-17,11959
2020-11-11,18-44,104837
2020-11-11,45-64,134194
2020-11-11,65-74,29823
2020-11-11,75+,27258
2020-11-10,0-17,11832
2020-11-10,18-44,104327
2020-11-10,45-64,133829
2020-11-10,65-74,29763
2020-11-10,75+,27231
2020-11-09,0-17,11720
2020-11-09,18-44,103861
2020-11-09,45-64,133494
2020-11-09,65-74,29702
2020-11-09,75+,27201
2020-11-08,0-17,11637
2020-11-08,18-44,103576
2020-11-08,45-64,89315
2020-11-08,65-74,29671
2020-11-08,75+,27189
2020-11-07,0-17,11532
2020-11-07,18-44,103266
2020-11-07,45-64,89169
2020-11-07,65-74,29625
2020-11-07,75+,27149
2020-11-06,0-17,11397
2020-11-06,18-44,102606
2020-11-06,45-64,88908
2020-11-06,65-74,29569
2020-11-06,75+,27105
2020-11-05,0-17,11259
2020-11-05,18-44,102051
2020-11-05,45-64,88661
2020-11-05,65-74,29473
2020-11-05,75+,27061
2020-11-04,0-17,11133
2020-11-04,18-44,101672
2020-11-04,45-64,88492
2020-11-04,65-74,29392
2020-11-04,75+,27016
2020-11-03,0-17,11045
2020-11-03,18-44,101390
2020-11-03,45-64,88327
2020-11-03,65-74,29356
2020-11-03,75+,26997
2020-11-02,0-17,10950
2020-11-02,18-44,101017
2020-11-02,45-64,88164
2020-11-02,65-74,29300
2020-11-02,75+,26952
2020-11-01,0-17,10897
2020-11-01,18-44,100789
2020-11-01,45-64,88045
2020-11-01,65-74,29273
2020-11-01,75+,26932
2020-10-31,0-17,10827
2020-10-31,18-44,100475
2020-10-31,45-64,87901
2020-10-31,65-74,29239
2020-10-31,75+,26910
2020-10-30,0-17,10734
2020-10-30,18-44,100159
2020-10-30,45-64,87739
2020-10-30,65-74,29202
2020-10-30,75+,26877
2020-10-29,0-17,10589
2020-10-29,18-44,99590
2020-10-29,45-64,87462
2020-10-29,65-74,29128
2020-10-29,75+,26825
2020-10-28,0-17,10550
2020-10-28,18-44,99444
2020-10-28,45-64,87377
2020-10-28,65-74,29099
2020-10-28,75+,26813
2020-10-27,0-17,10485
2020-10-27,18-44,99135
2020-10-27,45-64,87255
2020-10-27,65-74,29059
2020-10-27,75+,26790
2020-10-26,0-17,10395
2020-10-26,18-44,98884
2020-10-26,45-64,87089
2020-10-26,65-74,29025
2020-10-26,75+,26763
2020-10-25,0-17,10336
2020-10-25,18-44,98707
2020-10-25,45-64,86998
2020-10-25,65-74,28999
2020-10-25,75+,26749
2020-10-24,0-17,10287
2020-10-24,18-44,98564
2020-10-24,45-64,86897
2020-10-24,65-74,28971
2020-10-24,75+,26727
2020-10-23,0-17,10208
2020-10-23,18-44,97996
2020-10-23,45-64,86667
2020-10-23,65-74,28922
2020-10-23,75+,26686
2020-10-22,0-17,10147
2020-10-22,18-44,97761
2020-10-22,45-64,86552
2020-10-22,65-74,28879
2020-10-22,75+,26655
2020-10-21,0-17,10086
2020-10-21,18-44,97546
2020-10-21,45-64,86434
2020-10-21,65-74,28849
2020-10-21,75+,26644
2020-10-20,0-17,9998
2020-10-20,18-44,97191
2020-10-20,45-64,86256
2020-10-20,65-74,28787
2020-10-20,75+,26611
2020-10-19,0-17,9939
2020-10-19,18-44,96993
2020-10-19,45-64,86155
2020-10-19,65-74,28761
2020-10-19,75+,26608
2020-10-18,0-17,9867
2020-10-18,18-44,96739
2020-10-18,45-64,86030
2020-10-18,65-74,28717
2020-10-18,75+,26581
2020-10-17,0-17,9805
2020-10-17,18-44,96499
2020-10-17,45-64,85902
2020-10-17,65-74,28674
2020-10-17,75+,26565
2020-10-16,0-17,9712
2020-10-16,18-44,96251
2020-10-16,45-64,85760
2020-10-16,65-74,28631
2020-10-16,75+,26547
2020-10-15,0-17,9629
2020-10-15,18-44,95985
2020-10-15,45-64,85630
2020-10-15,65-74,28586
2020-10-15,75+,26515
2020-10-14,0-17,9580
2020-10-14,18-44,95764
2020-10-14,45-64,85517
2020-10-14,65-74,28549
2020-10-14,75+,26496
2020-10-13,0-17,9518
2020-10-13,18-44,95504
2020-10-13,45-64,85405
2020-10-13,65-74,28509
2020-10-13,75+,26470
2020-10-12,0-17,9469
2020-10-12,18-44,95295
2020-10-12,45-64,85291
2020-10-12,65-74,28476
2020-10-12,75+,26459
2020-10-11,0-17,9427
2020-10-11,18-44,95123
2020-10-11,45-64,85199
2020-10-11,65-74,28455
2020-10-11,75+,26434
2020-10-10,0-17,9353
2020-10-10,18-44,94892
2020-10-10,45-64,85100
2020-10-10,65-74,28413
2020-10-10,75+,26408
2020-10-09,0-17,9265
2020-10-09,18-44,94541
2020-10-09,45-64,84946
2020-10-09,65-74,28371
2020-10-09,75+,26363
2020-10-08,0-17,9176
2020-10-08,18-44,94249
2020-10-08,45-64,84787
2020-10-08,65-74,28298
2020-10-08,75+,26327
2020-10-07,0-17,9131
2020-10-07,18-44,94025
2020-10-07,45-64,84685
2020-10-07,65-74,28265
2020-10-07,75+,26308
2020-10-06,0-17,9025
2020-10-06,18-44,93759
2020-10-06,45-64,84545
2020-10-06,65-74,28216
2020-10-06,75+,26283
2020-10-05,0-17,8913
2020-10-05,18-44,93578
2020-10-05,45-64,84429
2020-10-05,65-74,28182
2020-10-05,75+,26252
2020-10-04,0-17,8847
2020-10-04,18-44,93365
2020-10-04,45-64,84337
2020-10-04,65-74,28133
2020-10-04,75+,26232
2020-10-03,0-17,8766
2020-10-03,18-44,93096
2020-10-03,45-64,84215
2020-10-03,65-74,28103
2020-10-03,75+,26206
2020-10-02,0-17,8666
2020-10-02,18-44,92804
2020-10-02,45-64,84060
2020-10-02,65-74,28067
2020-10-02,75+,26179
2020-10-01,0-17,8574
2020-10-01,18-44,92491
2020-10-01,45-64,83954
2020-10-01,65-74,28037
2020-10-01,75+,26142
2020-09-30,0-17,8519
2020-09-30,18-44,92266
2020-09-30,45-64,83833
2020-09-30,65-74,27991
2020-09-30,75+,26120
2020-09-29,0-17,8466
2020-09-29,18-44,92017
2020-09-29,45-64,83702
2020-09-29,65-74,27955
2020-09-29,75+,26106
2020-09-28,0-17,8405
2020-09-28,18-44,91814
2020-09-28,45-64,83609
2020-09-28,65-74,27934
2020-09-28,75+,26089
2020-09-27,0-17,8367
2020-09-27,18-44,91613
2020-09-27,45-64,83523
2020-09-27,65-74,27908
2020-09-27,75+,26072
2020-09-26,0-17,8318
2020-09-26,18-44,91437
2020-09-26,45-64,83446
2020-09-26,65-74,27890
2020-09-26,75+,26050
2020-09-25,0-17,8256
2020-09-25,18-44,91220
2020-09-25,45-64,83358
2020-09-25,65-74,27865
2020-09-25,75+,26039
2020-09-24,0-17,8195
2020-09-24,18-44,91021
2020-09-24,45-64,83271
2020-09-24,65-74,27840
2020-09-24,75+,26018
2020-09-23,0-17,8146
2020-09-23,18-44,90823
2020-09-23,45-64,83193
2020-09-23,65-74,27812
2020-09-23,75+,25996
2020-09-22,0-17,8134
2020-09-22,18-44,90709
2020-09-22,45-64,83139
2020-09-22,65-74,27798
2020-09-22,75+,25985
2020-09-21,0-17,8088
2020-09-21,18-44,90566
2020-09-21,45-64,83063
2020-09-21,65-74,27780
2020-09-21,75+,25983
2020-09-20,0-17,8059
2020-09-20,18-44,90397
2020-09-20,45-64,82974
2020-09-20,65-74,27763
2020-09-20,75+,25967
2020-09-19,0-17,8037
2020-09-19,18-44,90280
2020-09-19,45-64,82939
2020-09-19,65-74,27750
2020-09-19,75+,25965
2020-09-18,0-17,7950
2020-09-18,18-44,89924
2020-09-18,45-64,82802
2020-09-18,65-74,27706
2020-09-18,75+,25955
2020-09-17,0-17,7921
2020-09-17,18-44,89746
2020-09-17,45-64,82724
2020-09-17,65-74,27677
2020-09-17,75+,25941
2020-09-16,0-17,7896
2020-09-16,18-44,89592
2020-09-16,45-64,82673
2020-09-16,65-74,27650
2020-09-16,75+,25925
2020-09-15,0-17,7862
2020-09-15,18-44,89451
2020-09-15,45-64,82619
2020-09-15,65-74,27637
2020-09-15,75+,25914
2020-09-14,0-17,7831
2020-09-14,18-44,89268
2020-09-14,45-64,82530
2020-09-14,65-74,27615
2020-09-14,75+,25904
2020-09-12,0-17,7804
2020-09-12,18-44,89032
2020-09-12,45-64,82424
2020-09-12,65-74,27583
2020-09-12,75+,25887
2020-09-11,0-17,7779
2020-09-11,18-44,88869
2020-09-11,45-64,82349
2020-09-11,65-74,27565
2020-09-11,75+,25878
2020-09-10,0-17,7750
2020-09-10,18-44,88753
2020-09-10,45-64,82297
2020-09-10,65-74,27550
2020-09-10,75+,25874
2020-09-09,0-17,7695
2020-09-09,18-44,88515
2020-09-09,45-64,82171
2020-09-09,65-74,27505
2020-09-09,75+,25860
2020-09-08,0-17,7670
2020-09-08,18-44,88418
2020-09-08,45-64,82124
2020-09-08,65-74,27491
2020-09-08,75+,25847
2020-09-07,0-17,7672
2020-09-07,18-44,88303
2020-09-07,45-64,82052
2020-09-07,65-74,27479
2020-09-07,75+,25839
2020-09-05,0-17,7637
2020-09-05,18-44,88181
2020-09-05,45-64,82012
2020-09-05,65-74,27463
2020-09-05,75+,25822
2020-09-04,0-17,7614
2020-09-04,18-44,88026
2020-09-04,45-64,81926
2020-09-04,65-74,27441
2020-09-04,75+,25805
2020-09-03,0-17,7590
2020-09-03,18-44,87924
2020-09-03,45-64,81863
2020-09-03,65-74,27421
2020-09-03,75+,25794
2020-09-02,0-17,7550
2020-09-02,18-44,87742
2020-09-02,45-64,81789
2020-09-02,65-74,27402
2020-09-02,75+,25781
2020-09-01,0-17,7514
2020-09-01,18-44,87617
2020-09-01,45-64,81733
2020-09-01,65-74,27390
2020-09-01,75+,25764
2020-08-31,0-17,7483
2020-08-31,18-44,87476
2020-08-31,45-64,81644
2020-08-31,65-74,27372
2020-08-31,75+,25751
2020-08-30,0-17,7462
2020-08-30,18-44,87364
2020-08-30,45-64,81593
2020-08-30,65-74,27354
2020-08-30,75+,25731
2020-08-29,0-17,7443
2020-08-29,18-44,87238
2020-08-29,45-64,81528
2020-08-29,65-74,27335
2020-08-29,75+,25730
2020-08-28,0-17,7407
2020-08-28,18-44,87119
2020-08-28,45-64,81472
2020-08-28,65-74,27323
2020-08-28,75+,25718
2020-08-27,0-17,7372
2020-08-27,18-44,86956
2020-08-27,45-64,81402
2020-08-27,65-74,27299
2020-08-27,75+,25700
2020-08-26,0-17,7347
2020-08-26,18-44,86846
2020-08-26,45-64,81328
2020-08-26,65-74,27277
2020-08-26,75+,25693
2020-08-25,0-17,7331
2020-08-25,18-44,86748
2020-08-25,45-64,81283
2020-08-25,65-74,27265
2020-08-25,75+,25680
2020-08-24,0-17,7314
2020-08-24,18-44,86670
2020-08-24,45-64,81236
2020-08-24,65-74,27250
2020-08-24,75+,25670
2020-08-23,0-17,7285
2020-08-23,18-44,86569
2020-08-23,45-64,81196
2020-08-23,65-74,27235
2020-08-23,75+,25666
2020-08-22,0-17,7252
2020-08-22,18-44,86413
2020-08-22,45-64,81125
2020-08-22,65-74,27221
2020-08-22,75+,25653
2020-08-21,0-17,7227
2020-08-21,18-44,86310
2020-08-21,45-64,81065
2020-08-21,65-74,27210
2020-08-21,75+,25641
2020-08-20,0-17,7211
2020-08-20,18-44,86192
2020-08-20,45-64,81007
2020-08-20,65-74,27199
2020-08-20,75+,25638
2020-08-19,0-17,7162
2020-08-19,18-44,86041
2020-08-19,45-64,80934
2020-08-19,65-74,27188
2020-08-19,75+,25617
2020-08-18,0-17,7134
2020-08-18,18-44,85916
2020-08-18,45-64,80852
2020-08-18,65-74,27167
2020-08-18,75+,25611
2020-08-17,0-17,7108
2020-08-17,18-44,85826
2020-08-17,45-64,80812
2020-08-17,65-74,27146
2020-08-17,75+,25605
2020-08-16,0-17,7087
2020-08-16,18-44,85711
2020-08-16,45-64,80755
2020-08-16,65-74,27130
2020-08-16,75+,25594
2020-08-15,0-17,7055
2020-08-15,18-44,85537
2020-08-15,45-64,80630
2020-08-15,65-74,27084
2020-08-15,75+,25577
2020-08-14,0-17,7006
2020-08-14,18-44,85384
2020-08-14,45-64,80553
2020-08-14,65-74,27055
2020-08-14,75+,25561
2020-08-13,0-17,6978
2020-08-13,18-44,85225
2020-08-13,45-64,80465
2020-08-13,65-74,27023
2020-08-13,75+,25540
2020-08-12,0-17,6928
2020-08-12,18-44,85013
2020-08-12,45-64,80347
2020-08-12,65-74,26985
2020-08-12,75+,25529
2020-08-11,0-17,6904
2020-08-11,18-44,84816
2020-08-11,45-64,80248
2020-08-11,65-74,26957
2020-08-11,75+,25513
2020-08-10,0-17,6881
2020-08-10,18-44,84699
2020-08-10,45-64,80189
2020-08-10,65-74,26938
2020-08-10,75+,25495
2020-08-09,0-17,6855
2020-08-09,18-44,84582
2020-08-09,45-64,80119
2020-08-09,65-74,26918
2020-08-09,75+,25481
2020-08-08,0-17,6819
2020-08-08,18-44,84425
2020-08-08,45-64,80037
2020-08-08,65-74,26889
2020-08-08,75+,25467
2020-08-07,0-17,6803
2020-08-07,18-44,84298
2020-08-07,45-64,79965
2020-08-07,65-74,26884
2020-08-07,75+,25451
2020-08-06,0-17,6769
2020-08-06,18-44,84079
2020-08-06,45-64,79857
2020-08-06,65-74,26861
2020-08-06,75+,25431
2020-08-05,0-17,6744
2020-08-05,18-44,83925
2020-08-05,45-64,79780
2020-08-05,65-74,26842
2020-08-05,75+,25412
2020-08-04,0-17,6702
2020-08-04,18-44,83731
2020-08-04,45-64,79704
2020-08-04,65-74,26821
2020-08-04,75+,25398
2020-08-03,0-17,6683
2020-08-03,18-44,83561
2020-08-03,45-64,79620
2020-08-03,65-74,26798
2020-08-03,75+,25376
2020-08-02,0-17,6670
2020-08-02,18-44,83449
2020-08-02,45-64,79570
2020-08-02,65-74,26783
2020-08-02,75+,25374
2020-08-01,0-17,6658
2020-08-01,18-44,83329
2020-08-01,45-64,79518
2020-08-01,65-74,26764
2020-08-01,75+,25366
2020-07-31,0-17,6637
2020-07-31,18-44,83177
2020-07-31,45-64,79434
2020-07-31,65-74,26739
2020-07-31,75+,25352
2020-07-30,0-17,6608
2020-07-30,18-44,83015
2020-07-30,45-64,79375
2020-07-30,65-74,26723
2020-07-30,75+,25331
2020-07-29,0-17,6588
2020-07-29,18-44,82843
2020-07-29,45-64,79292
2020-07-29,65-74,26697
2020-07-29,75+,25316
2020-07-28,0-17,6564
2020-07-28,18-44,82674
2020-07-28,45-64,79208
2020-07-28,65-74,26674
2020-07-28,75+,25303
2020-07-27,0-17,6532
2020-07-27,18-44,82454
2020-07-27,45-64,79096
2020-07-27,65-74,26641
2020-07-27,75+,25275
2020-07-26,0-17,6517
2020-07-26,18-44,82347
2020-07-26,45-64,79034
2020-07-26,65-74,26621
2020-07-26,75+,25262
2020-07-25,0-17,6507
2020-07-25,18-44,82305
2020-07-25,45-64,79009
2020-07-25,65-74,26613
2020-07-25,75+,25252
2020-07-24,0-17,6484
2020-07-24,18-44,82061
2020-07-24,45-64,78822
2020-07-24,65-74,26560
2020-07-24,75+,25229
2020-07-23,0-17,6459
2020-07-23,18-44,81976
2020-07-23,45-64,78802
2020-07-23,65-74,26548
2020-07-23,75+,25221
2020-07-22,0-17,6438
2020-07-22,18-44,81758
2020-07-22,45-64,78718
2020-07-22,65-74,26525
2020-07-22,75+,25205
2020-07-21,0-17,6431
2020-07-21,18-44,81703
2020-07-21,45-64,78695
2020-07-21,65-74,26515
2020-07-21,75+,25202
2020-07-20,0-17,6398
2020-07-20,18-44,81399
2020-07-20,45-64,78528
2020-07-20,65-74,26496
2020-07-20,75+,25178
2020-07-19,0-17,6381
2020-07-19,18-44,81220
2020-07-19,45-64,78448
2020-07-19,65-74,26472
2020-07-19,75+,25160
2020-07-18,0-17,6367
2020-07-18,18-44,81071
2020-07-18,45-64,78386
2020-07-18,65-74,26448
2020-07-18,75+,25145
2020-07-17,0-17,6341
2020-07-17,18-44,80889
2020-07-17,45-64,78302
2020-07-17,65-74,26430
2020-07-17,75+,25122
2020-07-16,0-17,6323
2020-07-16,18-44,80715
2020-07-16,45-64,78200
2020-07-16,65-74,26414
2020-07-16,75+,25098
2020-07-15,0-17,6286
2020-07-15,18-44,80527
2020-07-15,45-64,78077
2020-07-15,65-74,26394
2020-07-15,75+,25071
2020-07-14,0-17,6254
2020-07-14,18-44,80321
2020-07-14,45-64,77998
2020-07-14,65-74,26369
2020-07-14,75+,25048
2020-07-13,0-17,6235
2020-07-13,18-44,80181
2020-07-13,45-64,77918
2020-07-13,65-74,26352
2020-07-13,75+,25035
2020-07-12,0-17,6224
2020-07-12,18-44,80020
2020-07-12,45-64,77851
2020-07-12,65-74,26331
2020-07-12,75+,25021
2020-07-11,0-17,6206
2020-07-11,18-44,79830
2020-07-11,45-64,77762
2020-07-11,65-74,26314
2020-07-11,75+,25008
2020-07-10,0-17,6187
2020-07-10,18-44,79650
2020-07-10,45-64,77661
2020-07-10,65-74,26298
2020-07-10,75+,24996
2020-07-09,0-17,6161
2020-07-09,18-44,79477
2020-07-09,45-64,77582
2020-07-09,65-74,26279
2020-07-09,75+,24980
2020-07-08,0-17,6134
2020-07-08,18-44,79282
2020-07-08,45-64,77474
2020-07-08,65-74,26250
2020-07-08,75+,24957
2020-07-07,0-17,6124
2020-07-07,18-44,79177
2020-07-07,45-64,77420
2020-07-07,65-74,26239
2020-07-07,75+,24938
2020-07-06,0-17,6105
2020-07-06,18-44,78996
2020-07-06,45-64,77344
2020-07-06,65-74,26220
2020-07-06,75+,24925
2020-07-05,0-17,6087
2020-07-05,18-44,78892
2020-07-05,45-64,77289
2020-07-05,65-74,26201
2020-07-05,75+,24912
2020-07-04,0-17,6069
2020-07-04,18-44,78741
2020-07-04,45-64,77203
2020-07-04,65-74,26177
2020-07-04,75+,24897
2020-07-03,0-17,6047
2020-07-03,18-44,78550
2020-07-03,45-64,77103
2020-07-03,65-74,26154
2020-07-03,75+,24884
2020-07-02,0-17,6025
2020-07-02,18-44,78333
2020-07-02,45-64,76965
2020-07-02,65-74,26125
2020-07-02,75+,24853
2020-07-01,0-17,5997
2020-07-01,18-44,78182
2020-07-01,45-64,76854
2020-07-01,65-74,26085
2020-07-01,75+,24822
2020-06-30,0-17,5978
2020-06-30,18-44,78008
2020-06-30,45-64,76761
2020-06-30,65-74,26053
2020-06-30,75+,24800
2020-06-29,0-17,5955
2020-06-29,18-44,77788
2020-06-29,45-64,76611
2020-06-29,65-74,26001
2020-06-29,75+,24742
2020-06-28,0-17,5935
2020-06-28,18-44,77625
2020-06-28,45-64,76516
2020-06-28,65-74,25972
2020-06-28,75+,24709
2020-06-27,0-17,5926
2020-06-27,18-44,77473
2020-06-27,45-64,76404
2020-06-27,65-74,25951
2020-06-27,75+,24684
2020-06-26,0-17,5911
2020-06-26,18-44,77281
2020-06-26,45-64,76304
2020-06-26,65-74,25917
2020-06-26,75+,24644
2020-06-25,0-17,5895
2020-06-25,18-44,77142
2020-06-25,45-64,76192
2020-06-25,65-74,25880
2020-06-25,75+,24611
2020-06-24,0-17,5884
2020-06-24,18-44,77010
2020-06-24,45-64,76100
2020-06-24,65-74,25847
2020-06-24,75+,24587
2020-06-23,0-17,5874
2020-06-23,18-44,76854
2020-06-23,45-64,75998
2020-06-23,65-74,25815
2020-06-23,75+,24559
2020-06-22,0-17,5867
2020-06-22,18-44,76751
2020-06-22,45-64,75909
2020-06-22,65-74,25789
2020-06-22,75+,24539
2020-06-21,0-17,5832
2020-06-21,18-44,76521
2020-06-21,45-64,75723
2020-06-21,65-74,25731
2020-06-21,75+,24499
2020-06-20,0-17,5819
2020-06-20,18-44,76392
2020-06-20,45-64,75621
2020-06-20,65-74,25704
2020-06-20,75+,24464
2020-06-19,0-17,5801
2020-06-19,18-44,76261
2020-06-19,45-64,75494
2020-06-19,65-74,25672
2020-06-19,75+,24415
2020-06-18,0-17,5789
2020-06-18,18-44,76152
2020-06-18,45-64,75388
2020-06-18,65-74,25648
2020-06-18,75+,24390
2020-06-17,0-17,5768
2020-06-17,18-44,75976
2020-06-17,45-64,75222
2020-06-17,65-74,25600
2020-06-17,75+,24354
2020-06-16,0-17,5755
2020-06-16,18-44,75857
2020-06-16,45-64,75093
2020-06-16,65-74,25572
2020-06-16,75+,24323
2020-06-15,0-17,5739
2020-06-15,18-44,75709
2020-06-15,45-64,74934
2020-06-15,65-74,25518
2020-06-15,75+,24260
2020-06-14,0-17,5727
2020-06-14,18-44,75612
2020-06-14,45-64,74840
2020-06-14,65-74,25479
2020-06-14,75+,24220
2020-06-13,0-17,5709
2020-06-13,18-44,75434
2020-06-13,45-64,74667
2020-06-13,65-74,25429
2020-06-13,75+,24164
2020-06-12,0-17,5691
2020-06-12,18-44,75268
2020-06-12,45-64,74516
2020-06-12,65-74,25382
2020-06-12,75+,24106
2020-06-11,0-17,5668
2020-06-11,18-44,75132
2020-06-11,45-64,74372
2020-06-11,65-74,25334
2020-06-11,75+,24064
2020-06-10,0-17,5651
2020-06-10,18-44,74971
2020-06-10,45-64,74240
2020-06-10,65-74,25272
2020-06-10,75+,24005
2020-06-09,0-17,5637
2020-06-09,18-44,74851
2020-06-09,45-64,74130
2020-06-09,65-74,25234
2020-06-09,75+,23963
2020-06-08,0-17,5620
2020-06-08,18-44,74698
2020-06-08,45-64,73970
2020-06-08,65-74,25190
2020-06-08,75+,23906
2020-06-07,0-17,5602
2020-06-07,18-44,74560
2020-06-07,45-64,73850
2020-06-07,65-74,25156
2020-06-07,75+,23827
2020-06-06,0-17,5578
2020-06-06,18-44,74349
2020-06-06,45-64,73646
2020-06-06,65-74,25084
2020-06-06,75+,23739
2020-06-05,0-17,5552
2020-06-05,18-44,74196
2020-06-05,45-64,73462
2020-06-05,65-74,25023
2020-06-05,75+,23657
2020-06-04,0-17,5540
2020-06-04,18-44,74000
2020-06-04,45-64,73292
2020-06-04,65-74,24967
2020-06-04,75+,23579
2020-06-03,0-17,5535
2020-06-03,18-44,73689
2020-06-03,45-64,73046
2020-06-03,65-74,24902
2020-06-03,75+,23527
2020-06-02,0-17,5526
2020-06-02,18-44,73564
2020-06-02,45-64,72943
2020-06-02,65-74,24882
2020-06-02,75+,23495
2020-06-01,0-17,5513
2020-06-01,18-44,73436
2020-06-01,45-64,72851
2020-06-01,65-74,24852
2020-06-01,75+,23470
2020-05-31,0-17,5497
2020-05-31,18-44,73188
2020-05-31,45-64,72615
2020-05-31,65-74,24778
2020-05-31,75+,23388
2020-05-30,0-17,5457
2020-05-30,18-44,72845
2020-05-30,45-64,72314
2020-05-30,65-74,24689
2020-05-30,75+,23306
2020-05-29,0-17,5418
2020-05-29,18-44,72536
2020-05-29,45-64,72037
2020-05-29,65-74,24604
2020-05-29,75+,23240
2020-05-28,0-17,5370
2020-05-28,18-44,72173
2020-05-28,45-64,71691
2020-05-28,65-74,24521
2020-05-28,75+,23181
2020-05-27,0-17,5340
2020-05-27,18-44,71912
2020-05-27,45-64,71435
2020-05-27,65-74,24444
2020-05-27,75+,23091
2020-05-26,0-17,5322
2020-05-26,18-44,71725
2020-05-26,45-64,71236
2020-05-26,65-74,24393
2020-05-26,75+,23028
2020-05-25,0-17,5290
2020-05-25,18-44,71503
2020-05-25,45-64,70995
2020-05-25,65-74,24334
2020-05-25,75+,22944
2020-05-24,0-17,5245
2020-05-24,18-44,71209
2020-05-24,45-64,70739
2020-05-24,65-74,24236
2020-05-24,75+,22852
2020-05-23,0-17,5212
2020-05-23,18-44,70933
2020-05-23,45-64,70497
2020-05-23,65-74,24155
2020-05-23,75+,22768
2020-05-22,0-17,5102
2020-05-22,18-44,70538
2020-05-22,45-64,70177
2020-05-22,65-74,24029
2020-05-22,75+,22602
2020-05-21,0-17,5070
2020-05-21,18-44,70349
2020-05-21,45-64,70033
2020-05-21,65-74,23954
2020-05-21,75+,22543
2020-05-20,0-17,5025
2020-05-20,18-44,70069
2020-05-20,45-64,69804
2020-05-20,65-74,23855
2020-05-20,75+,22477
2020-05-19,0-17,4990
2020-05-19,18-44,69862
2020-05-19,45-64,69612
2020-05-19,65-74,23789
2020-05-19,75+,22396
